时间,ILR分量1,ILR分量2,ILR分量3,ILR分量4,ILR分量5
20.0,-1.5868708874851272,0.7523333973249928,-1.2333941183758415,1.4895890161565937,0.13648195434239915
70.0,-1.554222890287195,0.677845628463223,-1.1642632291956048,1.0360741106502067,0.07767197720874978
110.0,-1.4907032825813369,0.5696171607661114,-1.0055938841191505,0.960993159725383,-0.3142269577196069
163.0,-1.5163926200741842,0.4475412234407903,-0.884383517984434,0.9917266001244727,-0.021373121002121957
197.0,-1.5076511995004551,0.4029828624700609,-0.8813731127969611,1.1065042577997708,-0.07774986290430651
240.0,-1.510804317217814,0.40656452570655205,-0.8784569548959638,1.08810109434453,0.18700763803307197
273.0,-1.4999775903979744,0.3513611153576629,-0.8391448290388358,1.1887156758838309,-0.09410854618609132
