目标变量,模型类型,特征数量,训练集R²,测试集R²,BIC,过拟合风险
转化率,基础线性,4,0.6985320625299272,0.7109858110799231,467.76377899389695,低
转化率,含交互项,5,0.7139789246943922,0.705889846120834,467.6536463969449,低
选择性,基础线性,4,0.5858617831868282,0.4065862589773409,397.0968943800237,中
选择性,含交互项,4,0.5858617831868284,0.406586258977341,397.0968943800237,中
