特征,VIF,共线性评价
温度,1.005580702754991,轻微
Co负载量,1.0324636806015919,轻微
装料质量比,1.0097890415381199,轻微
乙醇浓度,1.037417436385438,轻微
