experiment_id,T,total_mass,loading_ratio,Co_loading,ethanol_conc,loading_method,EI_value,predicted_yield,uncertainty,diversity_score,selection_reason
NEW_1,324.7366013546833,389.4519177757506,0.9163381027808561,2.0,1.68,1.0,0.09959893659287959,14.325425168124983,3.152268719468561,0.0,高EI值 + 高预测收率
NEW_2,254.12237057894447,28.22917499557343,1.9509560298685702,5.0,0.3,1.0,0.0018614943240485736,3.646248516794979,5.0800637383151885,2.5591377953087444,高不确定性区域 + 增强多样性 + 高Co负载探索
NEW_3,441.63325667375125,165.23095485239375,1.7899868079878796,1.0,0.3,1.0,0.0018614943240485736,3.646248516794979,5.0800637383151885,2.1863027237245163,高不确定性区域 + 增强多样性 + 高温条件探索
NEW_4,370.43540209685534,71.02404069685537,0.5311907620401228,5.0,0.3,0.0,0.0018614943240485736,3.646248516794979,5.0800637383151885,2.1077273101918794,高不确定性区域 + 增强多样性 + 高Co负载探索
NEW_5,251.9416145155592,385.4392336746381,1.9436347093820185,0.5,2.1,0.0,0.0018614943240485736,3.646248516794979,5.0800637383151885,2.0428152259696186,高不确定性区域 + 增强多样性
