experiment_id,T,total_mass,loading_ratio,Co_loading,ethanol_conc,loading_method,EI_value,predicted_yield,uncertainty,diversity_score,selection_reason
NEW_1,448.454429027446,397.86538052295685,0.5059526786898605,0.5,1.68,0.0,0.5590031022283362,42.92758164994383,4.504952201022915,0.0,高EI值 + 高预测收率 + 高不确定性区域 + 高温条件探索
NEW_2,254.12237057894447,28.22917499557343,1.9509560298685702,5.0,0.3,1.0,1.8727520461040317e-48,-0.14068365747317735,3.1096441478929253,3.6850257571370673,增强多样性 + 高Co负载探索
NEW_3,338.9625599134515,377.8728966349403,1.9722357358814342,0.5,2.1,0.0,4.831741963890496e-66,13.487743038504703,1.842724899920093,2.564344356522758,增强多样性
NEW_4,325.8563709549547,38.86551424691575,0.4743473621592752,5.0,0.3,1.0,3.774965705650664e-65,-1.9132523288327272,2.7666720149610184,2.511792851006544,增强多样性 + 高Co负载探索
NEW_5,436.0278712148146,383.7077752222171,1.3248305609955335,1.0,0.9,1.0,0.16435611209685805,40.22936160719876,3.607796963208903,1.7294309352671775,高EI值 + 高预测收率 + 高不确定性区域 + 增强多样性 + 高温条件探索
