指标,初始值_X0,失活常数_kd,R平方,半衰期_min
乙醇转化率,43.46951199987465,0.0015497177045947243,0.9553994049334767,447.2731895008028
C4烯烃收率,16.868859855745644,0.001518743589156032,0.889534305815069,456.39513181097817
