category,elasticity,optimal_markup,optimal_profit,theoretical_markup
花叶类,-0.2079634075480474,2.2,128.51072287792897,1.3
辣椒类,0.0913531300336898,2.2,75.6780282047111,1.3
花菜类,-0.5635188664033335,2.2,132.8385045352867,1.4745924534386667
食用菌,-0.4069180282656398,2.2,123.28720268771208,1.5372327886937442
水生根茎类,-0.6961423322768567,1.995918367346939,44.213767001990526,1.4215430670892573
茄类,-0.4855855193611656,2.2,68.07675778997593,1.5057657922555339
