分类编码,分类名称,近7天日均销量_kg,周六因子,建议目标销量_kg_0701
1011010101,花叶类,0.634200290275762,1.268419875356034,0.8044322531423426
1011010201,花菜类,0.452428,1.2648066491999184,0.5722339426842207
1011010402,水生根茎类,0.3969455782312925,1.3468259829197196,0.5346166185669969
1011010501,茄类,0.5135714285714286,1.2475124118181533,0.6406867314980373
1011010504,辣椒类,0.625671658986175,1.2790938097663678,0.8002927459554703
1011010801,食用菌,0.6829337748344372,1.3064158752232344,0.8921955251698386
